0.0,13.925872809,0.0,25.80599254846195,40.0
0.0,0.0,0.0,30.565749906855775,0.5
0.0,0.0,0.0,30.565749906855775,0.5
0.0,0.0,-1.6989968391798173e-16,30.565749906855775,0.5
0.0,0.0,0.0313105,30.565749906855775,0.49999999999999645
5.824009621357004,0.0,-9.287903403932031,30.56574990685578,0.49999999999998934
0.0,13.925872809000005,0.0590292,25.80599254846195,40.0
0.0,0.0,0.170991,30.565749906855775,0.49999999999999284
2.0211698345011264e-15,0.0,0.343441,30.565749906855775,0.49999999999999284
-1.7763568394002505e-15,0.0,0.394428,30.565749906855775,0.5
15.111913025289018,0.0,0.401634,30.565749906855775,0.4999999999999982
0.0,13.925872809000001,0.187541,25.80599254846195,40.0
0.0,0.0,0.00925601,30.565749906855775,0.5000000000000001
9.740008662901225,0.0,-5.371904362387795,30.565749906855775,0.5000000000000053
1.3322676295501878e-15,0.0,0.0,25.80599254846195,40.0
0.0,0.0,3.2539390834901253e-15,25.80599254846195,40.0
0.0,0.0,0.0,25.80599254846195,40.0
0.0,13.925872809000005,0.0,25.80599254846195,40.0
15.11191302528902,0.0,0.0,30.565749906855775,0.5
0.0,13.925872809,0.0,25.80599254846195,40.0
0.0,0.0,0.0,30.565749906855775,0.5
0.0,0.0,-2.5484952587374143e-16,30.565749906855775,0.5
0.0,0.0,0.0,30.565749906855775,0.5
-2.0387962070060873e-15,0.0,0.0,30.565749906855775,0.5
0.0,-1.6022665778779891e-15,0.0,30.565749906855775,0.49999999999999467
0.0,3.269931791612986e-17,0.0,30.565749906855775,0.5000000000000001
0.0,0.0,0.0,30.565749906855775,0.5
8.445620081266927,0.0,-6.666292944022097,30.565749906855775,0.5
8.881784197001252e-16,0.0,0.0,25.80599254846195,40.0
1.3322676295501878e-15,0.0,0.0,25.80599254846195,40.0
-3.253939083499819e-15,0.0,0.0,25.80599254846195,40.0
0.0,13.925872809000001,0.0,25.80599254846195,40.0
0.0,0.0,0.41871600000001064,30.565749906855775,0.5
0.0,0.0,1.66331,30.565749906855775,0.5
0.0,0.0,1.48497,30.565749906855775,0.5
0.0,0.0,2.78269,30.565749906855775,0.5
11.286138942872801,0.0,-3.1256720824162203,30.565749906855775,0.5
0.0,13.925872809000007,0.444427,25.80599254846195,40.00000000000001
3.3149426293533786,0.0,-11.256083395935644,30.565749906855775,0.5
-3.552713678800501e-15,0.0,1.22485,25.80599254846195,40.0
0.0,0.0,4.22916,25.80599254846195,40.0
0.0,13.925872809000001,9.2,25.80599254846195,40.0
0.0,2.093949097233727e-15,8.35674,30.565749906855775,0.5
0.0,-2.1254556645311173e-15,9.2,30.565749906855775,0.4999999999999929
0.0,0.0,9.2,30.565749906855775,0.5000000000000001
0.0,0.0,9.2,30.565749906855775,0.5000000000000001
0.0,0.0,9.10649,30.565749906855775,0.5000000000000001
0.0,0.0,4.20003,30.565749906855775,0.5000000000000001
0.0,0.0,-11.65337302528901,30.565749906855775,0.5000000000000142
0.0,13.925872809000005,2.51488,25.80599254846195,39.99999999999999
0.0,0.0,2.53748,30.56574990685578,0.49999999999999106
9.61463961830837,0.0,-4.934762406980652,30.565749906855775,0.4999999999999929
0.0,0.0,-3.25393908350305e-15,25.80599254846195,40.0
0.0,0.0,-1.7138075236993875e-15,25.80599254846195,40.0
0.0,13.925872809000001,0.0,25.80599254846195,40.0
0.0,0.0,0.0,30.565749906855775,0.499999999999993
6.051471037985693e-9,0.0,6.051468362065672e-9,30.565749906855775,0.499999999999993
0.0,0.0,-1.7839466811291147e-15,30.565749906855775,0.5
0.0,0.0,0.0,30.565749906855775,0.5
0.0,0.0,0.0,30.565749906855775,0.5
9.619978541412578,0.0,-5.49193448387654,30.565749906855775,0.5
0.0,0.0,-3.2539390830894597e-15,25.80599254846195,40.0
0.0,0.0,0.0,25.80599254846195,40.0
1.9984014443252818e-15,0.0,0.0,25.80599254846195,40.0
1.3322676295501878e-15,0.0,0.0,25.80599254846195,40.0
0.0,13.925872809000005,0.0,25.80599254846195,40.0
0.0,6.523513924219184e-15,0.0,30.565749906855775,0.5
0.0,0.0,0.0,30.56574990685578,0.49999999999997785
0.0,0.0,0.0,30.56574990685578,0.49999999999997785
7.718154266670392,0.0,-7.393758758618624,30.565749906855775,0.4999999999999929
0.0,13.925872809000001,0.0,25.80599254846195,40.0
1.3322676295501878e-15,0.0,0.0,30.565749906855775,0.499999999999993
1.7839466811291147e-15,0.0,0.0,30.565749906855775,0.5
0.0,0.0,0.0,30.565749906855775,0.5
0.0,0.0,0.0,30.565749906855775,0.5
5.824009620406958,0.0,-9.287903404882082,30.56574990685578,0.4999999999999858
-1.3322676295501878e-15,0.0,0.0,25.80599254846195,40.0
-5.773159728050814e-15,0.0,0.0,25.80599254846195,40.0
0.0,13.925872809000001,0.0,25.80599254846195,40.0
0.0,0.0,0.0,30.565749906855775,0.4999999999999938
0.0,0.0,-4.247492097919251e-17,30.565749906855775,0.4999999999999999
1.4866222342742622e-15,0.0,0.0,30.565749906855775,0.5
-3.316492584463174e-10,0.0,-3.316492584463178e-10,30.565749906855775,0.5
0.0,0.0,0.0,30.565749906855775,0.5
0.0,0.0,0.0,30.565749906855775,0.5
0.0,0.0,0.0,30.565749906855775,0.5
12.198763529322921,0.0,-2.9131494959661026,30.565749906855775,0.4999999999999929
-4.440892098500626e-16,0.0,0.0,25.80599254846195,40.0
0.0,0.0,0.0,25.80599254846195,40.0
0.0,13.925872809,0.0,25.80599254846195,40.0
0.0,-1.062918323468897e-17,0.0,30.565749906855775,0.5
0.0,0.0,0.0,30.565749906855775,0.5
0.0,0.0,0.0,30.565749906855775,0.5
15.111913025289022,0.0,0.0,30.565749906855775,0.5
0.0,13.925872809000001,0.0,25.80599254846195,40.0
0.0,0.0,0.0,30.565749906855775,0.4999999999999999
0.0,0.0,0.37787300000000357,30.565749906855775,0.4999999999999999
0.0,0.0,-13.571053025289006,30.56574990685577,0.5000000000000249
0.0,13.925872809,1.55155,25.80599254846195,40.0
0.0,0.0,1.49341,30.565749906855775,0.5
9.614632978474479,0.0,-3.17707004681453,30.565749906855775,0.5000000000000007
-3.253939083499819e-15,0.0,3.18379,25.80599254846195,40.0
0.0,0.0,3.28837,25.80599254846195,40.0
0.0,13.925872809,3.02091,25.80599254846195,39.99999999999999
0.0,0.0,3.105140000000002,30.565749906855775,0.5
3.397993678327323e-16,0.0,3.16383,30.56574990685578,0.4999999999999858
0.0,0.0,2.76238,30.565749906855775,0.5
-8.494984195899087e-17,0.0,1.77578,30.565749906855775,0.5
7.497273404798438,0.0,-6.137489620490583,30.565749906855775,0.5
1.3322676295501878e-15,0.0,1.08495,25.80599254846195,40.0
0.0,0.0,1.15281,25.80599254846195,40.0
-2.220446049250313e-16,0.0,0.805627,25.80599254846195,40.0
-3.253939083499819e-15,0.0,0.192238,25.80599254846195,40.0
-1.409956777547629e-15,0.0,0.0,25.80599254846195,40.0
0.0,13.925872809000001,0.0,25.80599254846195,40.00000000000001
4.76389526540763,0.0,-10.348017759881388,30.565749906855775,0.5
0.0,13.925872809000001,0.0,25.80599254846195,40.0
4.758302762722707,0.0,-10.353610262566288,30.56574990685578,0.4999999999999911
0.0,13.925872809000005,0.0,25.80599254846195,40.0
0.0,-1.8312089741512585e-15,0.0,30.565749906855775,0.5
0.0,0.0,0.0,30.565749906855775,0.5000000000000062
0.0,0.0,-15.111913025289013,30.565749906855775,0.5000000000000018
0.0,13.925872809000005,0.0,25.80599254846195,40.0
0.0,0.0,0.102962,30.565749906855775,0.4999999999999929
0.0,0.0,0.0,30.565749906855775,0.5
4.9131409489790085,0.0,-10.198772076310014,30.565749906855775,0.5
0.0,0.0,0.112658,25.80599254846195,40.0
0.0,13.925872809000005,0.309587,25.80599254846195,40.0
0.0,-3.302631109504368e-15,0.316344,30.565749906855775,0.5
0.0,0.0,0.0684213,30.565749906855775,0.5000000000000112
0.0,0.0,0.0,30.565749906855775,0.5000000000000112
0.0,0.0,0.0,30.565749906855775,0.5000000000000058
0.0,0.0,0.0,30.565749906855775,0.500000000000005
1.0057387775737643,0.0,-14.106174247715252,30.565749906855775,0.5000000000000053
-1.9984014443252818e-15,0.0,0.0,25.80599254846195,40.0
0.0,0.0,0.0,25.80599254846195,40.0
0.0,0.0,0.0,25.80599254846195,40.0
0.0,13.925872809000005,0.0,25.80599254846195,40.0
5.096990517539452e-16,0.0,0.0,30.565749906855775,0.49999999999999284
0.0,0.0,0.0,30.565749906855775,0.5000000000000002
0.0,0.0,0.0,30.565749906855775,0.5000000000000001
-4.2474920977879847e-17,0.0,0.0,30.565749906855775,0.5000000000000001
0.0,0.0,-2.2086958909143755e-15,30.565749906855775,0.5
0.0,0.0,-15.111913025289024,30.565749906855775,0.5
0.0,13.925872809,0.0,25.80599254846195,40.0
0.0,0.0,0.0,30.565749906855775,0.5000000000000001
0.0,0.0,0.0,30.565749906855775,0.5000000000000001
4.758214145220262,0.0,-9.988364880068756,30.565749906855775,0.5000000000000001
0.0,13.925872809,0.510766,25.80599254846195,40.0
4.434794980735048,0.0,-9.876378044553968,30.565749906855775,0.5000000000000089
0.0,13.925872809,0.619153,25.80599254846195,40.0
0.0,0.0,0.511365,30.565749906855775,0.5
0.0,0.0,0.699461,30.565749906855775,0.5
1.5206021710576163e-14,0.0,3.78113,30.565749906855775,0.5
0.0,0.0,6.02015,30.565749906855775,0.5
0.0,0.0,4.71588,30.565749906855775,0.5
-2.718394942671552e-15,0.0,3.31275,30.565749906855775,0.5
9.963625853551823,0.0,1.6690728282628031,30.565749906855775,0.4999999999999929
0.0,0.0,5.30954,25.80599254846195,40.00000000000001
0.0,0.0,5.86747,25.80599254846195,40.0
-3.552713678800501e-15,0.0,5.17083,25.80599254846195,40.0
0.0,0.0,4.30081,25.80599254846195,40.0
0.0,13.925872809000005,5.04099,25.80599254846195,40.0
0.0,0.0,7.30275,30.565749906855775,0.5
0.0,-3.269931791612986e-17,8.10969,30.565749906855775,0.5
0.0,3.269931791612986e-17,8.36336,30.565749906855775,0.5000000000000001
0.0,0.0,8.00029,30.565749906855775,0.5
0.0,0.0,7.43983,30.565749906855775,0.5
0.0,0.0,7.55693,30.565749906855775,0.5
0.0,0.0,4.81513,30.565749906855775,0.5
-6.1588635419932135e-15,0.0,4.44923,30.565749906855775,0.5
9.614639632149744,0.0,-2.765233393139287,30.565749906855775,0.5
0.0,0.0,1.4782099999999967,25.80599254846195,40.0
8.881784197001252e-16,0.0,3.1386,25.80599254846195,40.0
0.0,0.0,4.15496,25.80599254846195,40.0
0.0,13.925872809000001,4.23857,25.80599254846195,40.0
0.0,0.0,4.03105,30.565749906855775,0.5
0.0,0.0,2.72976,30.565749906855775,0.5
0.0,0.0,2.0712,30.565749906855775,0.5
0.0,0.0,1.9594,30.565749906855775,0.5
0.0,0.0,1.93453,30.565749906855775,0.5
0.0,0.0,2.05272,30.565749906855775,0.5
5.807042165319279,0.0,-6.813600859969741,30.565749906855775,0.5
0.0,0.0,2.081819999999997,25.80599254846195,40.0
0.0,0.0,1.22737,25.80599254846195,40.0
0.0,13.925872809000007,0.700289,25.80599254846195,40.0
0.0,0.0,0.470157,30.565749906855775,0.5
4.763895273871653,0.0,-9.985019751417365,30.565749906855775,0.5
0.0,13.925872809000001,0.389898,25.80599254846195,40.0
-3.4404685993181275e-15,0.0,0.398839,30.565749906855775,0.5000000000000001
0.0,0.0,-14.71517102528902,30.56574990685578,0.4999999999999911
0.0,13.925872809000007,0.56634,25.80599254846195,40.0
0.0,0.0,0.59093,30.565749906855775,0.5000000000000001
0.0,0.0,0.469506,30.565749906855775,0.4999999999999999
0.0,0.0,0.31156000000000267,30.565749906855775,0.4999999999999999
4.913149506063701,0.0,-9.96243151922532,30.565749906855775,0.4999999999999929
1.3322676295501878e-15,0.0,0.483531,25.80599254846195,40.0
0.0,0.0,0.6004339999999935,25.80599254846195,40.0
0.0,0.0,0.691644,25.80599254846195,40.00000000000001
0.0,13.925872809000005,0.566488,25.80599254846195,40.00000000000001
0.0,3.3216197608403033e-19,0.629292,30.565749906855775,0.5
0.0,0.0,-14.550394025289018,30.565749906855775,0.5
0.0,13.925872809000001,0.547757,25.80599254846195,40.0
0.0,0.0,0.586438,30.565749906855775,0.4999999999999982
0.0,0.0,0.580932,30.565749906855775,0.4999999999999982
0.0,0.0,0.605436,30.565749906855775,0.4999999999999982
12.198763528996581,0.0,-2.350428496292446,30.565749906855775,0.5000000000000018
-3.552713678800501e-15,0.0,0.527316,25.80599254846195,40.0
0.0,0.0,0.4721630000000033,25.80599254846195,40.0
0.0,13.92587280900001,0.385595,25.80599254846195,40.0
0.0,0.0,0.0511181,30.565749906855775,0.4999999999999929
0.0,0.0,0.0,30.565749906855775,0.4999999999999929
0.0,0.0,0.0,30.565749906855775,0.4999999999999929
-5.351840043387344e-15,0.0,0.0,30.565749906855775,0.4999999999999929
0.0,0.0,0.0,30.565749906855775,0.5
0.0,0.0,0.0,30.565749906855775,0.5
0.0,0.0,0.0,30.565749906855775,0.5
0.0,0.0,1.6989968391798173e-16,30.565749906855775,0.5
0.0,0.0,0.0,30.565749906855775,0.5
10.963625863402365,0.0,-4.148287161886669,30.565749906855775,0.5
-4.440892098500626e-16,0.0,0.0,25.80599254846195,40.0
-8.881784197001252e-16,0.0,0.0,25.80599254846195,40.0
-3.253939083499819e-15,0.0,0.0,25.80599254846195,40.0
0.0,13.925872809000001,0.0,25.80599254846195,40.0
0.0,0.0,-1.783946681135577e-15,30.565749906855775,0.5
0.0,0.0,0.16606599999999996,30.565749906855775,0.5
0.0,0.0,2.548495258769726e-16,30.565749906855775,0.4999999999999999
0.0,0.0,0.0,30.565749906855775,0.5
6.795987356686958e-16,0.0,0.0,30.565749906855775,0.5
0.0,0.0,-15.11191302528902,30.565749906855775,0.5000000000000018
0.0,0.0,-3.2539390834965876e-15,25.80599254846195,40.0
0.0,0.0,0.0,25.80599254846195,40.00000000000001
0.0,0.0,0.0,25.80599254846195,40.0
0.0,0.0,0.0,25.80599254846195,40.0
0.0,13.925872809000005,0.0,25.80599254846195,40.00000000000001
4.7376522604225055,0.0,-10.374260764866502,30.565749906855775,0.5
0.0,13.925872809000005,0.0,25.80599254846195,40.0
-1.7763568394002505e-15,0.0,0.0,30.565749906855775,0.49999999999999284
0.0,0.0,0.0241051,30.565749906855775,0.4999999999999929
-5.329070518200751e-15,0.0,0.226744,30.565749906855775,0.5000000000000071
-7.105427357601002e-15,0.0,0.521173,30.565749906855775,0.5000000000000001
14.832608299086086,0.0,0.3059652737970558,30.565749906855775,0.4999999999999929
0.0,13.925872808999998,0.73408,25.80599254846195,40.0
6.490384476982993,0.0,-8.186755548306031,30.565749906855775,0.4999999999999929
-1.3766765505351941e-14,0.0,0.459619,25.80599254846195,40.00000000000001
0.0,0.0,0.616913,25.80599254846195,40.0
-3.253939083499819e-15,0.0,0.668421,25.80599254846195,40.0
0.0,13.925872809000001,0.945107,25.80599254846195,40.0
-5.329070518200751e-15,0.0,1.7849,30.565749906855775,0.5
1.7763568394002505e-15,0.0,1.51556,30.565749906855775,0.5
-1.7763568394002505e-15,0.0,1.6781,30.565749906855775,0.5
15.111913025289025,0.0,1.69312,30.565749906855775,0.5
0.0,0.0,1.6742900000000034,25.80599254846195,40.0
0.0,0.0,2.15498,25.80599254846195,40.0
0.0,0.0,2.4292099999999968,25.80599254846195,40.0
0.0,0.0,2.57977,25.80599254846195,40.0
0.0,0.0,2.01885,25.80599254846195,40.0
0.0,0.0,1.2608,25.80599254846195,40.0
0.0,13.92587280900001,0.885269,25.80599254846195,40.00000000000001
-4.2932687871212715e-9,0.0,0.8897259957067285,30.565749906855775,0.499999999999993
-3.552713678800501e-15,0.0,1.05134,30.565749906855775,0.5
0.0,0.0,1.2382599999999981,30.565749906855775,0.5
15.111913025289018,0.0,1.24351,30.565749906855775,0.5
0.0,13.925872809000005,2.32694,25.80599254846195,40.0
0.0,0.0,2.74928,30.565749906855775,0.49999999999999534
-3.552713678800501e-15,0.0,0.959626,30.565749906855775,0.5
10.737719202265033,0.0,-3.8689248230239732,30.565749906855775,0.5
0.0,13.925872809,0.728512,25.80599254846195,40.0
6.497192033290862,0.0,-6.543360991998151,30.565749906855775,0.5
0.0,0.0,2.020170000000003,25.80599254846195,40.0
-3.253939083499819e-15,0.0,1.6548,25.80599254846195,40.0
0.0,13.925872809000001,1.59704,25.80599254846195,40.0
0.0,0.0,1.5052100000000044,30.565749906855775,0.5
0.0,0.0,1.3365899999999973,30.565749906855775,0.4999999999999929
-6.53824326828653e-17,0.0,1.38853,30.565749906855775,0.5
6.538243268609647e-17,0.0,2.10617,30.565749906855775,0.49999999999999983
15.111913025289027,0.0,2.73962,30.565749906855775,0.4999999999999929
0.0,0.0,2.74702,25.80599254846195,40.0
0.0,0.0,2.74555,25.80599254846195,40.0
0.0,0.0,2.92584,25.80599254846195,40.0
0.0,0.0,2.18938,25.80599254846195,40.0
0.0,13.925872809000005,1.1492,25.80599254846195,40.0
0.0,-2.1152074637031048e-15,1.29853,30.565749906855775,0.49999999999999284
4.756973106789415,0.0,-9.295989918499584,30.565749906855775,0.5
0.0,13.925872809,1.42349,25.80599254846195,40.0
0.0,0.0,2.00377,30.565749906855775,0.5000000000000001
0.0,0.0,1.7653200000000053,30.565749906855775,0.5000000000000001
1.0032722812760941,0.0,-11.304760744012928,30.565749906855775,0.5
0.0,13.925872809,2.00771,25.80599254846195,40.0
0.0,1.6349658959302332e-17,1.85335,30.565749906855775,0.5
15.111913025289024,0.0,0.567247,30.565749906855775,0.49999999999999994
0.0,13.925872809000005,0.971808,25.80599254846195,40.0
0.0,0.0,1.21949,30.565749906855775,0.5
1.0057387759633123,0.0,-13.019014249325735,30.565749906855775,0.5
0.0,13.925872809000007,1.12424,25.80599254846195,40.0
0.0,0.0,1.02278,30.56574990685578,0.4999999999999908
-7.105427357601002e-15,0.0,0.883926,30.565749906855775,0.5
1.7763568394002505e-15,0.0,0.752447,30.565749906855775,0.499999999999993
15.111913025289017,0.0,0.587979,30.565749906855775,0.5
0.0,13.925872809000007,0.454771,25.80599254846195,40.00000000000001
0.0,0.0,0.382352,30.565749906855775,0.4999999999999998
5.980696334600819,0.0,-8.815223690688189,30.565749906855775,0.5000000000000018
0.0,0.0,0.121535,25.80599254846195,40.0
-1.9984014443252818e-15,0.0,0.0,25.80599254846195,40.0
0.0,0.0,-4.1359030627651384e-25,25.80599254846195,40.0
0.0,13.925872809000007,0.0,25.80599254846195,40.0
0.0,0.0,0.0,30.565749906855775,0.5
0.0,0.0,0.0,30.565749906855775,0.5
0.0,0.0,0.0,30.565749906855775,0.5
0.0,0.0,-1.6989968391151939e-16,30.565749906855775,0.5
2.654682561201501e-15,0.0,0.0,30.565749906855775,0.4999999999999929
-2.718394942671552e-15,0.0,0.0,30.565749906855775,0.5
0.0,-2.1254556645335923e-15,0.0,30.565749906855775,0.4999999999999929
0.0,0.0,0.0,30.565749906855775,0.5000000000000001
0.0,0.0,0.0,30.565749906855775,0.5000000000000001
0.0,0.0,0.0,30.565749906855775,0.5000000000000001
0.0,0.0,0.0,30.565749906855775,0.5000000000000001
3.294483121991251,0.0,-11.81742990329777,30.565749906855775,0.5000000000000001
0.0,13.925872809,0.0,25.80599254846195,40.0
0.0,0.0,0.213937,30.565749906855775,0.49999999999999994
-2.880638871385331e-15,0.0,0.00757781,30.565749906855775,0.49999999999999994
-1.2434497875801753e-14,0.0,0.0,30.565749906855775,0.4999999999999929
15.111913025289013,0.0,0.0,30.56574990685578,0.49999999999997335
0.0,13.925872809,1.01723,25.80599254846195,40.0
0.0,0.0,3.15531,30.565749906855775,0.5
0.0,0.0,-11.998103025289005,30.565749906855775,0.5
0.0,0.0,1.35579,25.80599254846195,40.0
0.0,0.0,0.390469,25.80599254846195,40.0
0.0,0.0,1.83868,25.80599254846195,40.0
0.0,0.0,2.21723,25.80599254846195,40.0
0.0,13.925872809000001,2.4354,25.80599254846195,40.0
0.0,0.0,5.01087,30.565749906855775,0.5
0.0,0.0,5.19158,30.565749906855775,0.5
0.0,0.0,5.2710799999999995,30.565749906855775,0.499999999999993
15.111913025289022,0.0,4.21004,30.565749906855775,0.5
0.0,13.925872809000001,4.51718,25.80599254846195,40.00000000000001
0.0,0.0,4.87179,30.565749906855775,0.5
0.0,0.0,8.45006,30.565749906855775,0.5
0.0,0.0,8.81603,30.565749906855775,0.5
6.795987356686958e-16,0.0,9.2,30.565749906855775,0.5
7.015918931037505,0.0,1.1040059057484726,30.565749906855775,0.5000000000000018
0.0,0.0,9.2,25.80599254846195,40.0
-3.253939083499819e-15,0.0,9.2,25.80599254846195,40.0
0.0,13.925872809,9.2,25.80599254846195,40.0
0.0,0.0,9.199999999999994,30.565749906855775,0.5
15.111913025289018,0.0,9.2,30.565749906855775,0.5
0.0,13.925872809,9.2,25.80599254846195,40.0
0.0,0.0,9.2,30.565749906855775,0.4999999999999982
3.3146853346298673,0.0,-2.5972276906591407,30.565749906855775,0.4999999999999939
0.0,13.925872809,9.2,25.80599254846195,40.0
3.29611875687416,0.0,-2.6157942684148576,30.565749906855775,0.5
0.0,0.0,9.2,25.80599254846195,39.99999999999999
0.0,0.0,9.2,25.80599254846195,40.0
0.0,13.925872809,9.17278,25.80599254846195,40.0
4.727456937763488,0.0,-1.3086360875255068,30.565749906855775,0.5
0.0,13.925872808999998,8.84403,25.80599254846195,39.99999999999999
0.0,0.0,8.46856,30.565749906855775,0.5
7.008361961578477e-15,0.0,8.29795,30.565749906855775,0.5
7.105427357601002e-15,0.0,6.59403,30.56574990685578,0.4999999999999858
-7.105427357601002e-15,0.0,4.89515,30.565749906855775,0.5
0.0,0.0,3.9632199999999993,30.565749906855775,0.49999999999999284
15.11191302528902,0.0,1.70383,30.565749906855775,0.5
0.0,13.925872809000005,2.24054,25.80599254846195,40.0
0.0,0.0,0.340813,30.565749906855775,0.5000000000000001
1.0057387749412166,0.0,-13.544711250347815,30.565749906855775,0.5000000000000018
0.0,0.0,2.34144,25.80599254846195,40.0
0.0,0.0,0.759335,25.80599254846195,40.0
0.0,13.925872809000007,0.494288,25.80599254846195,40.00000000000001
-7.105427357601002e-15,0.0,0.37366,30.565749906855775,0.4999999999999929
1.6989968391701238e-15,0.0,0.0,30.565749906855775,0.5
0.0,0.0,0.0,30.565749906855775,0.5
0.0,0.0,0.0,30.565749906855775,0.5
15.111913025289024,0.0,0.0,30.565749906855775,0.5
0.0,0.0,0.398269,25.80599254846195,40.0
0.0,0.0,0.4647359999999967,25.80599254846195,40.0
0.0,0.0,0.323385,25.80599254846195,40.0
0.0,0.0,0.0,25.80599254846195,40.0
0.0,13.925872809000005,0.000666169,25.80599254846195,40.0
0.0,0.0,0.0,30.565749906855775,0.5
0.0,0.0,0.0,30.565749906855775,0.5
0.0,0.0,0.0,30.565749906855775,0.5
0.0,0.0,-3.950167651071467e-15,30.565749906855775,0.5
0.0,0.0,1.4016723923152714e-15,30.565749906855775,0.5000000000000036
0.0,0.0,0.0,30.565749906855775,0.5
0.0,0.0,0.0,30.565749906855775,0.5
0.0,0.0,0.0,30.565749906855775,0.5
0.0,0.0,0.0,30.565749906855775,0.49999999999999994
0.0,0.0,0.0,30.565749906855775,0.49999999999999994
3.307750036755679,0.0,-11.804162988533335,30.565749906855775,0.49999999999999994
3.552713678800501e-15,0.0,0.552778,25.80599254846195,40.0
0.0,13.92587280900001,0.984928,25.80599254846195,40.0
0.0,-2.076676674477358e-15,1.69704,30.565749906855775,0.4999999999999929
-2.8033447846434674e-15,0.0,2.39886,30.565749906855775,0.49999999999999994
0.0,0.0,3.12915,30.565749906855775,0.5
-3.552713678800501e-15,0.0,3.61113,30.565749906855775,0.5
15.11191302528902,0.0,3.38536,30.565749906855775,0.4999999999999929
3.1086244689504383e-15,0.0,3.11376,25.80599254846195,39.99999999999999
0.0,0.0,2.67532,25.80599254846195,40.0
0.0,0.0,2.57962,25.80599254846195,40.0
0.0,0.0,2.554110000000003,25.80599254846195,40.0
3.552713678800501e-15,0.0,1.52382,25.80599254846195,40.0
0.0,13.925872809000005,1.86443,25.80599254846195,40.0
0.0,0.0,3.61045,30.565749906855775,0.5
0.0,0.0,4.483559999999998,30.565749906855775,0.5
4.756973106945941,0.0,-5.365139918343066,30.565749906855775,0.5
0.0,13.925872809000005,5.35888,25.80599254846195,40.0
0.0,0.0,5.19134,30.565749906855775,0.4999999999999927
0.0,0.0,3.579659999999992,30.565749906855775,0.4999999999999927
0.0,0.0,3.868680000000002,30.565749906855775,0.5
15.11191302528902,0.0,4.62432,30.565749906855775,0.49999999999999467
0.0,13.925872809000005,5.88915,25.80599254846195,39.99999999999999
0.0,0.0,6.37531,30.565749906855775,0.5
1.005738777088044,0.0,-8.054834248200981,30.565749906855775,0.5000000000000018
0.0,0.0,6.08566,25.80599254846195,40.0
0.0,13.925872809000005,6.61809,25.80599254846195,40.0
0.0,0.0,7.30005,30.565749906855775,0.5000000000000001
0.0,0.0,7.5598199999999975,30.565749906855775,0.5000000000000001
0.0,0.0,8.13885999999999,30.565749906855775,0.499999999999993
0.0,0.0,6.7331,30.565749906855775,0.5
0.0,0.0,5.34237,30.565749906855775,0.5
15.056068262438785,0.0,6.233545237149767,30.565749906855775,0.5
0.0,0.0,5.58744,25.80599254846195,40.0
0.0,0.0,7.92625,25.80599254846195,40.0
0.0,0.0,9.2,25.80599254846195,40.0
0.0,0.0,9.2,25.80599254846195,40.0
0.0,-2.5050450034294107e-15,9.2,25.80599254846195,40.0
0.0,13.925872809000005,9.2,25.80599254846195,40.00000000000001
0.0,0.0,9.200000000000001,30.565749906855775,0.5
0.0,0.0,9.2,30.565749906855775,0.5000000000000001
-4.2474920977879847e-17,0.0,9.12327,30.565749906855775,0.5000000000000001
-2.026053730711431e-14,0.0,9.09382,30.565749906855775,0.5
-4.2474920977879847e-17,0.0,8.80909,30.565749906855775,0.5000000000000001
7.105427357601002e-15,0.0,9.14509,30.565749906855775,0.5
4.417391781841676e-15,0.0,9.2,30.56574990685577,0.5000000000000231
2.1237460488939923e-17,0.0,9.17642,30.565749906855775,0.49999999999999994
3.3077500374244417,0.0,-3.51508298786457,30.565749906855775,0.5
0.0,0.0,5.985609999999997,25.80599254846195,40.0
-7.105427357601002e-15,0.0,4.77667,25.80599254846195,40.0
0.0,0.0,3.19642,25.80599254846195,40.0
0.0,13.925872809000005,2.99924,25.80599254846195,40.0
-1.4660785823861277e-10,0.0,2.804139999853395,30.565749906855775,0.5000000000000001
0.0,0.0,2.245860000000001,30.565749906855775,0.4999999999999929
0.0,0.0,2.08934,30.565749906855775,0.5
0.0,0.0,3.15512,30.565749906855775,0.5
15.111913025289015,0.0,4.24534,30.565749906855775,0.5
5.421010862427522e-20,0.0,6.9864,25.80599254846195,40.0
0.0,0.0,8.92491,25.80599254846195,40.0
0.0,0.0,9.2,25.80599254846195,40.0
0.0,0.0,9.2,25.80599254846195,40.0
0.0,0.0,9.2,25.80599254846195,40.0
0.0,13.925872809000005,9.2,25.80599254846195,40.00000000000001
0.0,0.0,9.199999999999998,30.565749906855775,0.5
0.0,0.0,9.199999999999996,30.565749906855775,0.5
0.0,0.0,9.199999999999998,30.565749906855775,0.5
0.0,0.0,9.2,30.565749906855775,0.5
0.0,0.0,9.2,30.565749906855775,0.5
0.0,0.0,9.2,30.565749906855775,0.5
0.0,0.0,9.2,30.565749906855775,0.5
-3.5678933622580274e-15,0.0,9.2,30.565749906855775,0.5
3.3077500373419206,0.0,-2.6041629879471078,30.56574990685578,0.4999999999999911
0.0,0.0,9.143179999999996,25.80599254846195,40.0
0.0,0.0,1.22428,25.80599254846195,40.0
0.0,13.925872809000007,4.23812,25.80599254846195,40.0
0.0,0.0,3.03871,30.565749906855775,0.5000000000000013
-5.329070518200751e-15,0.0,1.02147,30.565749906855775,0.5000000000000071
0.0,0.0,0.09387630000000628,30.565749906855775,0.5000000000000142
0.0,0.0,-15.111913025289018,30.565749906855775,0.5000000000000071
0.0,13.925872809000001,0.0,25.80599254846195,40.0
15.111913025289022,0.0,0.427477,30.565749906855775,0.5
0.0,0.0,0.0,25.80599254846195,40.0
-4.440892098500626e-15,0.0,0.0,25.80599254846195,40.0
-3.6637359812630166e-15,0.0,0.483915,25.80599254846195,40.0
-7.105427357601002e-15,0.0,4.86222,25.80599254846195,40.0
0.0,0.0,8.34366,25.80599254846195,40.0
0.0,13.925872809000005,7.00721,25.80599254846195,40.0
0.0,0.0,6.045940000000003,30.565749906855775,0.4999999999999999
0.0,0.0,9.200000000000001,30.565749906855775,0.5
0.0,0.0,9.2,30.565749906855775,0.5
0.0,0.0,9.2,30.565749906855775,0.49999999999999994
15.111913025289024,0.0,9.2,30.565749906855775,0.49999999999999994
0.0,13.925872809000005,9.2,25.80599254846195,40.0
0.0,0.0,9.2,30.565749906855775,0.5
0.0,0.0,9.2,30.565749906855775,0.5
0.0,0.0,8.93237,30.565749906855775,0.5
3.3077500385124963,0.0,-2.6041629867765224,30.565749906855775,0.5
0.0,0.0,9.2,25.80599254846195,40.0
0.0,13.925872809000001,9.2,25.80599254846195,40.0
0.0,0.0,9.2,30.565749906855775,0.49999999999999994
0.0,0.0,9.2,30.565749906855775,0.49999999999999994
0.0,0.0,9.2,30.565749906855775,0.49999999999999994
-5.329070518200751e-15,0.0,9.2,30.565749906855775,0.5
5.329070518200751e-15,0.0,9.2,30.565749906855775,0.5
10.736646449818362,0.0,4.824733424529341,30.565749906855775,0.5000000000000213
0.0,0.0,9.199999999999996,25.80599254846195,40.0
-4.218847493575595e-15,0.0,9.2,25.80599254846195,40.0
0.0,0.0,9.14926,25.80599254846195,40.0
0.0,0.0,8.89125,25.80599254846195,40.0
3.253939083499819e-15,0.0,8.94388,25.80599254846195,40.0
0.0,13.925872809,9.2,25.80599254846195,40.00000000000001
1.6653345369377348e-15,0.0,8.51563,30.565749906855775,0.5000000000000001
-2.590970179728219e-15,0.0,6.99618,30.565749906855775,0.5000000000000036
0.0,0.0,6.716940000000001,30.565749906855775,0.4999999999999929
0.0,0.0,5.21214,30.565749906855775,0.5
0.0,0.0,-10.585143025289014,30.565749906855775,0.5000000000000142
0.0,13.925872809000001,4.81294,25.80599254846195,40.0
0.0,0.0,4.88461,30.565749906855775,0.5000000000000001
-7.220736566465756e-16,0.0,4.57644,30.565749906855775,0.5000000000000001
3.3077500382974674,0.0,-5.292862986991548,30.565749906855775,0.4999999999999982
0.0,0.0,5.78442,25.80599254846195,40.0
0.0,0.0,6.22809,25.80599254846195,40.0
0.0,0.0,8.49929,25.80599254846195,40.0
0.0,13.925872809000012,7.64032,25.805992548461948,40.000000000000014
2.548495258750339e-15,0.0,5.43757,30.565749906855775,0.5
0.0,0.0,5.64113,30.565749906855775,0.4999999999999999
15.111913025289022,0.0,4.03135,30.565749906855775,0.5
0.0,13.925872809000005,3.20962,25.80599254846195,40.0
15.11191302528902,0.0,1.69401,30.565749906855775,0.4999999999999929
0.0,13.925872808999998,0.463135,25.80599254846195,39.99999999999999
11.678243811120103,0.0,-3.0413062141689116,30.565749906855775,0.5
0.0,0.0,1.17206,25.80599254846195,40.0
-7.105427357601002e-15,0.0,4.80677,25.80599254846195,40.0
0.0,0.0,8.39942,25.80599254846195,40.0
0.0,13.925872809000007,8.20913,25.805992548461948,40.000000000000014
0.0,0.0,8.847289999999997,30.565749906855775,0.5000000000000001
0.0,0.0,9.093709999999998,30.565749906855775,0.5
0.0,0.0,7.672920000000003,30.565749906855775,0.4999999999999929
4.756973098003353,0.0,-3.9295099272856504,30.565749906855775,0.5
0.0,13.925872809,5.76954,25.80599254846195,40.0
0.0,2.092756346614987e-15,9.2,30.565749906855775,0.5000000000000071
15.111913025289018,0.0,9.2,30.565749906855775,0.5
0.0,13.925872809,9.2,25.80599254846195,40.0
0.0,0.0,9.2,30.565749906855775,0.5
3.2944831203130374,0.0,-3.144819904975993,30.565749906855775,0.49999999999999856
0.0,0.0,0.4347240000000065,25.80599254846195,40.0
0.0,13.925872809000005,0.0,25.80599254846195,40.0
0.0,-1.6275936828117486e-17,0.0,30.565749906855775,0.49999999999999994
-3.552713678800501e-15,0.0,0.0,30.565749906855775,0.5
-1.7839466811291147e-15,0.0,0.0,30.565749906855775,0.5
0.0,0.0,0.0,30.565749906855775,0.5
15.111913025289027,0.0,0.0,30.565749906855775,0.5
0.0,13.925872809000001,0.0,25.80599254846195,40.0
3.3013805991864418,0.0,-11.809616544102582,30.56574990685578,0.4999999999999911
-3.4416913763379853e-15,0.0,0.387899,25.80599254846195,40.0
3.552713678800501e-15,0.0,0.670239,25.80599254846195,40.0
-4.440892098500626e-15,0.0,0.549111,25.80599254846195,40.0
0.0,0.0,0.452508,25.80599254846195,40.0
0.0,13.925872809000005,0.233974,25.80599254846195,40.00000000000001
0.0,0.0,0.3833729999999973,30.565749906855775,0.5
0.0,0.0,0.4458020000000027,30.565749906855775,0.5000000000000071
0.0,0.0,0.39215999999999335,30.565749906855775,0.5
-2.0387962070047948e-14,0.0,0.257215,30.565749906855775,0.5000000000000036
0.0,0.0,0.0,30.565749906855775,0.5
0.0,0.0,0.0,30.565749906855775,0.5
15.111913025289024,0.0,0.0,30.565749906855775,0.5
0.0,13.925872809,0.0,25.80599254846195,40.0
0.0,0.0,0.0,30.565749906855775,0.5
1.0318067030332,0.0,-14.080106322255821,30.565749906855775,0.5000000000000162
-3.552713678800501e-15,0.0,0.0,25.80599254846195,40.0
0.0,13.925872809000005,0.0,25.80599254846195,40.0
0.0,0.0,-2.1237460488939923e-17,30.565749906855775,0.49999999999999994
0.0,0.0,-3.567893362258229e-15,30.565749906855775,0.5
0.0,0.0,-3.1856190734702355e-16,30.565749906855775,0.5
0.0,0.0,0.0704215,30.565749906855775,0.49999999999999994
-2.7821073241417038e-15,0.0,0.890543,30.565749906855775,0.49999999999999994
6.953497364898791,0.0,-5.908225660390238,30.565749906855775,0.4999999999999929
0.0,0.0,3.3547,25.80599254846195,40.0
0.0,0.0,2.89921,25.80599254846195,40.0
0.0,0.0,1.0882600000000033,25.80599254846195,40.0
0.0,0.0,0.579277,25.80599254846195,40.0
-3.253939083499819e-15,0.0,0.613837,25.80599254846195,40.0
0.0,13.925872809000005,0.872152,25.80599254846195,40.00000000000001
0.0,0.0,0.904948,30.565749906855775,0.5
0.0,0.0,1.6290899999999982,30.565749906855775,0.5
-7.105427357601002e-15,0.0,2.17031,30.565749906855775,0.5
3.9968028886505635e-15,0.0,2.82464,30.565749906855775,0.5
0.0,0.0,2.9354299999999993,30.565749906855775,0.5000000000000071
15.11191302528902,0.0,1.75063,30.565749906855775,0.5
0.0,13.925872809000005,1.19028,25.80599254846195,40.0
0.0,0.0,1.0639,30.565749906855775,0.5
3.3044118995005993,0.0,-11.038995125788425,30.565749906855775,0.5
0.0,0.0,1.0191399999999966,25.80599254846195,40.0
3.552713678800501e-15,0.0,3.02487,25.80599254846195,40.0
0.0,13.925872809000005,3.52036,25.80599254846195,40.00000000000001
0.0,0.0,5.06675,30.565749906855775,0.5
-1.7763568394002505e-15,0.0,3.25824,30.565749906855775,0.5
1.2317727083326662e-15,0.0,1.89569,30.565749906855775,0.5
1.7763568394002505e-15,0.0,0.617122,30.565749906855775,0.5
-1.4210854715202004e-14,0.0,0.534484,30.565749906855775,0.5
15.111913025289022,0.0,0.61154,30.56574990685578,0.4999999999999716
-6.5078781670061e-15,0.0,0.574657,25.80599254846195,40.0
0.0,0.0,0.390164,25.80599254846195,40.0
0.0,0.0,0.296814,25.80599254846195,40.0
0.0,0.0,0.0,25.80599254846195,40.0
0.0,13.925872809,0.0,25.80599254846195,40.0
0.0,0.0,0.0,30.565749906855775,0.5
0.0,0.0,9.344482615456684e-16,30.565749906855775,0.5
9.004683247601333e-15,0.0,0.0,30.565749906855775,0.4999999999999929
0.0,0.0,4.2474920977879847e-17,30.565749906855775,0.5000000000000001
-1.7763568394002505e-15,0.0,0.0,30.565749906855775,0.5
0.0,0.0,-1.3167225503595117e-15,30.565749906855775,0.5
15.111913025289033,0.0,0.0,30.56574990685578,0.49999999999996625
0.0,13.925872809,0.181803,25.80599254846195,40.0
0.0,0.0,0.889054,30.565749906855775,0.5
3.2944831222019304,0.0,-6.2740099030870775,30.56574990685577,0.5000000000000223
0.0,0.0,7.790699999999997,25.80599254846195,40.0
3.552713678800501e-15,0.0,8.00499,25.80599254846195,40.0
0.0,13.925872809000005,7.59096,25.80599254846195,40.0
0.0,3.3216197608403033e-19,7.62298,30.565749906855775,0.5
-3.552713678800501e-15,0.0,7.72195,30.565749906855775,0.5
-1.7763568394002505e-15,0.0,9.14752,30.565749906855775,0.5
-4.440892098500626e-16,0.0,9.2,30.565749906855775,0.5
0.0,0.0,9.199999999999985,30.565749906855775,0.4999999999999929
0.0,0.0,9.2,30.565749906855775,0.4999999999999929
0.0,0.0,-5.911913025289019,30.565749906855775,0.4999999999999929
0.0,0.0,9.2,25.80599254846195,40.0
-1.9984014443252818e-15,0.0,9.2,25.80599254846195,40.0
0.0,0.0,9.13009,25.80599254846195,40.0
0.0,0.0,7.71166,25.80599254846195,40.0
0.0,13.925872809000007,4.35525,25.80599254846195,40.00000000000001
0.0,0.0,1.5553299999999983,30.565749906855775,0.5
0.0,0.0,1.809899999999997,30.565749906855775,0.5
0.0,0.0,1.045689999999992,30.565749906855775,0.5
-7.220736566498068e-16,0.0,0.532305,30.565749906855775,0.5000000000000071
0.0,0.0,2.973244468580836e-16,30.565749906855775,0.5
0.0,0.0,0.0,30.565749906855775,0.5
0.0,0.0,0.0,30.565749906855775,0.4999999999999999
0.0,0.0,6.371238146811224e-16,30.565749906855775,0.5000000000000008
0.0,0.0,0.525188,30.565749906855775,0.4999999999999991
3.3077500403878806,0.0,-11.33888498490114,30.565749906855775,0.5
0.0,0.0,0.362822,25.80599254846195,40.0
0.0,13.925872809000007,0.640802,25.80599254846195,40.0
0.0,0.0,1.8075,30.56574990685578,0.49999999999998856
-3.695318125198331e-15,0.0,2.75791,30.565749906855775,0.5000000000000071
-5.329070518200751e-15,0.0,3.35966,30.565749906855775,0.5
-1.486622234251644e-15,0.0,3.31105,30.565749906855775,0.49999999999999994
5.329070518200751e-15,0.0,3.18212,30.565749906855775,0.4999999999999929
-1.7763568394002505e-15,0.0,2.50366,30.565749906855775,0.5
15.111913025289025,0.0,2.10852,30.565749906855775,0.5000000000000018
0.0,0.0,2.3166099999999967,25.80599254846195,40.0
0.0,0.0,2.44855,25.80599254846195,40.0
3.552713678800501e-15,0.0,2.15079,25.80599254846195,40.0
0.0,13.925872809000005,1.51331,25.80599254846195,40.0
4.72745693850329,0.0,-9.238726086785716,30.565749906855775,0.5
0.0,13.925872809,2.01621,25.80599254846195,39.99999999999999
0.0,0.0,2.54681,30.565749906855775,0.4999999999999929
1.7763568394002505e-15,0.0,2.62194,30.565749906855775,0.4999999999999929
0.0,0.0,2.5817199999999993,30.565749906855775,0.5
10.767498177023107,0.0,-1.8197348482659121,30.565749906855775,0.5000000000000107
0.0,0.0,3.9335,25.80599254846195,40.0
0.0,13.925872809,2.73031,25.80599254846195,40.0
0.0,0.0,3.12927,30.565749906855775,0.5000000000000071
0.0,0.0,2.34139,30.565749906855775,0.5000000000000071
6.997273397494225,0.0,-5.919579627794793,30.565749906855775,0.5000000000000071
0.0,0.0,1.78791,25.80599254846195,40.0
0.0,13.925872809000005,1.84956,25.80599254846195,40.00000000000001
0.0,0.0,1.6295,30.565749906855775,0.5
3.552713678800501e-15,0.0,1.53648,30.565749906855775,0.5
-3.552713678800501e-15,0.0,1.71384,30.565749906855775,0.5
0.0,0.0,1.5921000000000047,30.565749906855775,0.4999999999999982
0.0,0.0,1.3793,30.565749906855775,0.5
2.675920021693672e-15,0.0,1.23432,30.565749906855775,0.5000000000000001
7.309854397540644,0.0,-6.561718627748382,30.565749906855775,0.5000000000000071
-4.6629367034256575e-15,0.0,1.56304,25.80599254846195,40.0
0.0,0.0,1.60156,25.80599254846195,40.0
0.0,0.0,1.13396,25.80599254846195,40.0
0.0,13.925872809000001,0.889019,25.80599254846195,40.0
0.0,0.0,0.658635,30.565749906855775,0.5000000000000075
0.0,0.0,0.5036750000000029,30.565749906855775,0.5000000000000075
0.0,0.0,0.566269,30.565749906855775,0.49999999999999994
0.0,0.0,0.675478,30.565749906855775,0.49999999999999994
0.0,0.0,0.775821,30.565749906855775,0.49999999999999994
0.0,0.0,1.1965,30.565749906855775,0.49999999999999994
-8.155184828017887e-15,0.0,1.58201,30.565749906855775,0.5000000000000071
-6.795987356686958e-16,0.0,1.41004,30.565749906855775,0.5
0.0,0.0,0.895197,30.565749906855775,0.4999999999999982
3.2944831221677973,0.0,-11.204601903121212,30.565749906855775,0.5000000000000194
0.0,0.0,0.5035359999999968,25.80599254846195,40.0
-2.220446049250313e-15,0.0,0.430263,25.80599254846195,40.0
0.0,13.925872809000007,0.281701,25.80599254846195,40.00000000000001
0.0,3.321619760840303e-19,0.157482,30.565749906855775,0.5
0.0,0.0,-4.714716228699759e-15,30.565749906855775,0.5
15.11191302528902,0.0,0.0,30.565749906855775,0.4999999999999938
0.0,13.925872809,0.0,25.80599254846195,39.99999999999999
0.0,0.0,0.0,30.565749906855775,0.5
3.30775004000705,0.0,-11.80416298528197,30.565749906855775,0.5
-5.551115123125783e-15,0.0,0.0,25.80599254846195,40.0
0.0,0.0,0.0,25.80599254846195,40.0
0.0,0.0,-3.25393908350305e-15,25.80599254846195,40.0
-3.552713678800501e-15,0.0,0.0,25.80599254846195,40.00000000000001
0.0,0.0,0.135465,25.80599254846195,40.0
0.0,13.925872809000007,0.0,25.80599254846195,40.00000000000001
0.0,0.0,0.340102,30.565749906855775,0.5
0.0,0.0,0.959858,30.565749906855775,0.5
0.0,0.0,2.39489,30.565749906855775,0.5
-4.6629367034256575e-15,0.0,2.20627,30.565749906855775,0.5
0.0,0.0,2.2805400000000002,30.565749906855775,0.4999999999999929
0.0,0.0,3.821740000000008,30.565749906855775,0.5000000000000107
0.0,0.0,5.61875,30.565749906855775,0.5
0.0,0.0,5.17296,30.565749906855775,0.5
3.307750041186372,0.0,-5.995342984102648,30.565749906855775,0.5
0.0,0.0,7.213589999999994,25.80599254846195,40.0
-3.552713678800501e-15,0.0,8.16816,25.80599254846195,40.0
0.0,13.92587280900001,7.05232,25.80599254846195,40.0
0.0,-2.06040073764924e-15,5.30956,30.565749906855775,0.499999999999993
0.0,0.0,4.933499999999999,30.565749906855775,0.5
15.111913025289024,0.0,4.20905,30.565749906855775,0.5
0.0,13.925872809000005,2.50465,25.80599254846195,40.00000000000001
0.0,0.0,1.94028,30.565749906855775,0.5000000000000001
3.307750041225196,0.0,-10.791812984063817,30.565749906855775,0.4999999999999929
0.0,0.0,0.352277,25.80599254846195,40.0
0.0,0.0,-3.2539390834965876e-15,25.80599254846195,40.0
0.0,0.0,0.0,25.80599254846195,40.0
2.220446049250313e-16,0.0,0.0,25.80599254846195,40.0
0.0,13.925872809000005,0.0,25.80599254846195,40.0
0.0,0.0,0.0,30.565749906855775,0.5
0.0,0.0,6.7110375147247356e-15,30.565749906855775,0.5000000000000215
0.0,0.0,-3.567893362258229e-15,30.565749906855775,0.5
0.0,0.0,0.0,30.565749906855775,0.5
-5.329070518200751e-15,0.0,0.0,30.565749906855775,0.5
0.0,0.0,9.769231825235482e-16,30.565749906855775,0.5
0.0,0.0,-15.111913025288992,30.565749906855768,0.5000000000000764
0.0,13.925872809,0.0,25.80599254846195,40.0
0.0,0.0,0.0,30.565749906855775,0.5000000000000049
3.307750039111896,0.0,-11.804162986177122,30.565749906855775,0.5
0.0,0.0,0.0,25.80599254846195,40.0
-3.552713678800501e-15,0.0,0.0,25.80599254846195,40.0
0.0,13.925872809000007,0.0,25.80599254846195,40.0
0.0,-1.6275936828117486e-17,0.0,30.565749906855775,0.49999999999999994
0.0,0.0,-1.7839466811226523e-15,30.565749906855775,0.5
8.919733405677885e-16,0.0,0.0,30.565749906855775,0.5
0.0,0.0,0.0,30.565749906855775,0.5
0.0,0.0,0.0,30.565749906855775,0.5
4.757191149677639e-15,0.0,0.0,30.565749906855775,0.5
4.7949809653397955,0.0,-10.316932059949231,30.565749906855775,0.5000000000000124
0.0,0.0,3.25393908350305e-15,25.80599254846195,40.0
0.0,0.0,-3.2539390834965876e-15,25.80599254846195,40.0
-2.6645352591003757e-15,0.0,0.0,25.80599254846195,40.0
0.0,13.925872809,0.0,25.80599254846195,40.0
0.0,-1.6608098804201518e-17,0.0,30.565749906855775,0.49999999999999994
4.756973104567448,0.0,-10.35493992072155,30.565749906855775,0.5
0.0,13.925872809,0.0,25.80599254846195,39.99999999999999
0.0,0.0,0.384968,30.565749906855775,0.5
7.555984316774726,0.0,-6.7820317085142925,30.565749906855775,0.5
0.0,263.0940741626164,1.46552,25.80599254846195,40.0
